ledger_date,control_total_usd,retail_rollups_usd,variance_usd
2024-01-01,48040.37,254370.53000000003,39561.352333333336
2024-01-02,52429.92,254370.53000000003,43950.90233333333
2024-01-03,46622.75,254370.53000000003,38143.73233333333
2024-01-04,55454.51,254370.53000000003,46975.492333333335
2024-01-05,54329.36,254370.53000000003,45850.342333333334
2024-01-06,45561.12,254370.53000000003,37082.102333333336
2024-01-07,53412.25,254370.53000000003,44933.23233333333
2024-01-08,60801.76,254370.53000000003,52322.742333333335
2024-01-09,56212.07,254370.53000000003,47733.05233333333
2024-01-10,55939.09,254370.53000000003,47460.07233333333
2024-01-11,54675.65,254370.53000000003,46196.632333333335
2024-01-12,58320.35,254370.53000000003,49841.33233333333
2024-01-13,59514.1,254370.53000000003,51035.08233333333
2024-01-14,41683.12,254370.53000000003,33204.102333333336
2024-01-15,62269.96,254370.53000000003,53790.94233333333
2024-01-16,51125.31,254370.53000000003,42646.29233333333
2024-01-17,47098.32,254370.53000000003,38619.30233333333
2024-01-18,51664.74,254370.53000000003,43185.72233333333
2024-01-19,52751.96,254370.53000000003,44272.94233333333
2024-01-20,51642.48,254370.53000000003,43163.46233333334
2024-01-21,56646.84,254370.53000000003,48167.82233333333
2024-01-22,53083.75,254370.53000000003,44604.73233333333
2024-01-23,50689.9,254370.53000000003,42210.882333333335
2024-01-24,50554.33,254370.53000000003,42075.312333333335
2024-01-25,64744.79,254370.53000000003,56265.772333333334
2024-01-26,45055.67,254370.53000000003,36576.65233333333
2024-01-27,43704.25,254370.53000000003,35225.23233333333
2024-01-28,58815.11,254370.53000000003,50336.092333333334
2024-01-29,58876.99,254370.53000000003,50397.97233333333
2024-01-30,57422.1,254370.53000000003,48943.08233333333
