ledger_date,control_total_usd
2024-01-01,48040.37
2024-01-02,52429.92
2024-01-03,46622.75
2024-01-04,55454.51
2024-01-05,54329.36
2024-01-06,45561.12
2024-01-07,53412.25
2024-01-08,60801.76
2024-01-09,56212.07
2024-01-10,55939.09
2024-01-11,54675.65
2024-01-12,58320.35
2024-01-13,59514.1
2024-01-14,41683.12
2024-01-15,62269.96
2024-01-16,51125.31
2024-01-17,47098.32
2024-01-18,51664.74
2024-01-19,52751.96
2024-01-20,51642.48
2024-01-21,56646.84
2024-01-22,53083.75
2024-01-23,50689.9
2024-01-24,50554.33
2024-01-25,64744.79
2024-01-26,45055.67
2024-01-27,43704.25
2024-01-28,58815.11
2024-01-29,58876.99
2024-01-30,57422.1
