order_id,store_id,amount_usd
O000001,S7,186.11
O000002,S3,131.16
O000003,S10,230.16
O000004,S10,90.18
O000005,S1,220.78
O000006,S2,153.75
O000007,S2,83.87
O000008,S2,170.58
O000009,S6,99.54
O000010,S4,97.05
O000011,S5,59.69
O000012,S3,143.58
O000013,S10,109.34
O000014,S7,96.67
O000015,S7,13.38
O000016,S2,227.93
O000017,S2,71.01
O000018,S9,245.25
O000019,S4,56.75
O000020,S9,6.84
O000021,S8,244.26
O000022,S1,168.74
O000023,S5,195.11
O000024,S6,105.0
O000025,S5,5.07
O000026,S2,197.79
O000027,S8,231.5
O000028,S3,112.77
O000029,S4,26.61
O000030,S5,83.27
O000031,S3,236.99
O000032,S5,7.71
O000033,S9,97.6
O000034,S5,44.38
O000035,S8,190.28
O000036,S10,202.78
O000037,S3,128.37
O000038,S3,183.22
O000039,S6,244.93
O000040,S2,77.06
O000041,S7,136.13
O000042,S7,214.9
O000043,S7,26.92
O000044,S10,195.33
O000045,S5,76.5
O000046,S10,63.4
O000047,S10,40.82
O000048,S9,120.44
O000049,S4,156.03
O000050,S1,77.29
O000051,S9,134.72
O000052,S10,36.25
O000053,S4,157.62
O000054,S7,118.14
O000055,S2,22.89
O000056,S9,135.98
O000057,S9,156.35
O000058,S5,93.69
O000059,S8,131.56
O000060,S3,140.69
O000061,S10,120.31
O000062,S8,29.71
O000063,S9,12.76
O000064,S7,94.75
O000065,S1,169.54
O000066,S8,206.81
O000067,S8,131.79
O000068,S3,127.48
O000069,S9,174.24
O000070,S2,82.9
O000071,S4,231.8
O000072,S8,124.33
O000073,S8,86.01
O000074,S1,229.59
O000075,S3,73.74
O000076,S10,152.8
O000077,S6,88.8
O000078,S2,236.25
O000079,S4,167.51
O000080,S7,16.54
O000081,S1,183.43
O000082,S5,53.92
O000083,S3,141.97
O000084,S4,166.68
O000085,S7,176.78
O000086,S2,197.72
O000087,S10,138.87
O000088,S8,177.78
O000089,S7,9.87
O000090,S10,145.91
O000091,S1,158.95
O000092,S8,227.15
O000093,S9,104.59
O000094,S7,26.15
O000095,S6,143.87
O000096,S8,106.23
O000097,S8,143.67
O000098,S6,18.5
O000099,S6,25.29
O000100,S6,145.56
O000101,S8,186.16
O000102,S10,155.91
O000103,S9,82.12
O000104,S3,159.08
O000105,S9,218.25
O000106,S3,211.47
O000107,S7,211.9
O000108,S10,126.05
O000109,S10,238.38
O000110,S10,92.0
O000111,S8,247.9
O000112,S5,37.6
O000113,S2,18.49
O000114,S9,48.13
O000115,S9,154.03
O000116,S8,219.33
O000117,S6,43.09
O000118,S10,136.74
O000119,S4,12.39
O000120,S1,102.34
O000121,S10,191.58
O000122,S9,197.94
O000123,S7,194.63
O000124,S6,139.21
O000125,S10,14.32
O000126,S5,173.4
O000127,S10,191.04
O000128,S7,98.59
O000129,S10,245.02
O000130,S7,185.29
O000131,S4,141.17
O000132,S5,17.17
O000133,S7,10.73
O000134,S3,130.7
O000135,S2,134.73
O000136,S10,156.9
O000137,S8,164.27
O000138,S9,207.49
O000139,S5,170.07
O000140,S2,61.29
O000141,S10,88.54
O000142,S5,103.14
O000143,S2,82.62
O000144,S8,234.21
O000145,S4,45.77
O000146,S9,53.84
O000147,S7,150.14
O000148,S10,69.52
O000149,S2,85.2
O000150,S3,135.78
O000151,S10,203.23
O000152,S9,212.18
O000153,S10,132.89
O000154,S7,221.49
O000155,S10,97.31
O000156,S1,45.93
O000157,S9,139.93
O000158,S3,199.1
O000159,S1,8.96
O000160,S2,140.76
O000161,S2,38.59
O000162,S1,172.75
O000163,S5,245.42
O000164,S7,201.89
O000165,S7,185.19
O000166,S4,158.92
O000167,S5,214.98
O000168,S7,180.55
O000169,S8,127.21
O000170,S1,91.83
O000171,S7,75.07
O000172,S9,196.23
O000173,S2,25.21
O000174,S7,119.25
O000175,S3,87.8
O000176,S8,124.91
O000177,S3,112.77
O000178,S7,73.37
O000179,S3,47.91
O000180,S5,232.77
O000181,S8,40.76
O000182,S2,86.41
O000183,S2,36.57
O000184,S10,55.48
O000185,S8,138.62
O000186,S2,71.95
O000187,S6,43.62
O000188,S6,202.78
O000189,S5,114.02
O000190,S2,166.04
O000191,S5,141.96
O000192,S2,92.03
O000193,S7,215.84
O000194,S7,15.52
O000195,S5,114.9
O000196,S9,16.52
O000197,S8,194.77
O000198,S5,149.05
O000199,S10,181.55
O000200,S8,232.24
O000201,S3,240.73
O000202,S9,225.37
O000203,S5,186.9
O000204,S6,223.45
O000205,S3,207.28
O000206,S8,184.59
O000207,S8,89.71
O000208,S3,142.72
O000209,S5,111.27
O000210,S2,183.11
O000211,S2,200.98
O000212,S2,74.2
O000213,S4,100.99
O000214,S1,138.76
O000215,S4,14.64
O000216,S1,178.3
O000217,S7,49.98
O000218,S8,64.79
O000219,S4,132.92
O000220,S10,175.73
O000221,S2,82.29
O000222,S1,140.04
O000223,S2,61.89
O000224,S8,31.83
O000225,S7,114.92
O000226,S8,97.14
O000227,S3,178.75
O000228,S7,19.14
O000229,S10,37.93
O000230,S5,38.71
O000231,S2,141.66
O000232,S5,143.21
O000233,S1,246.58
O000234,S7,77.78
O000235,S6,192.26
O000236,S3,197.9
O000237,S9,187.54
O000238,S8,74.06
O000239,S6,203.82
O000240,S2,195.31
O000241,S3,181.87
O000242,S1,121.15
O000243,S2,163.78
O000244,S10,134.69
O000245,S5,217.95
O000246,S1,249.56
O000247,S8,79.56
O000248,S2,221.4
O000249,S7,46.44
O000250,S1,25.73
O000251,S8,186.05
O000252,S1,59.65
O000253,S6,21.93
O000254,S2,62.87
O000255,S5,249.34
O000256,S10,40.43
O000257,S7,106.03
O000258,S7,247.44
O000259,S10,15.84
O000260,S5,225.74
O000261,S3,50.76
O000262,S1,173.63
O000263,S9,10.83
O000264,S9,7.76
O000265,S6,81.11
O000266,S5,56.82
O000267,S3,102.12
O000268,S9,126.93
O000269,S8,19.88
O000270,S6,157.16
O000271,S7,240.72
O000272,S1,189.17
O000273,S10,168.4
O000274,S1,148.0
O000275,S2,43.72
O000276,S8,91.15
O000277,S6,158.18
O000278,S3,85.46
O000279,S4,98.51
O000280,S2,92.23
O000281,S8,190.84
O000282,S5,153.0
O000283,S5,42.99
O000284,S3,194.98
O000285,S6,120.83
O000286,S3,53.29
O000287,S4,135.82
O000288,S8,208.61
O000289,S3,143.39
O000290,S5,104.08
O000291,S4,18.15
O000292,S10,117.18
O000293,S3,231.47
O000294,S1,29.87
O000295,S8,221.84
O000296,S3,76.6
O000297,S2,185.79
O000298,S9,213.98
O000299,S8,213.01
O000300,S5,169.15
O000301,S3,150.18
O000302,S8,108.16
O000303,S4,175.43
O000304,S5,157.24
O000305,S9,164.55
O000306,S5,71.02
O000307,S6,15.86
O000308,S9,17.34
O000309,S4,20.1
O000310,S4,90.37
O000311,S6,139.22
O000312,S6,189.03
O000313,S3,83.53
O000314,S6,225.21
O000315,S9,61.32
O000316,S1,219.94
O000317,S3,177.63
O000318,S1,56.51
O000319,S9,68.65
O000320,S3,80.99
O000321,S6,67.4
O000322,S1,234.49
O000323,S4,48.7
O000324,S7,119.06
O000325,S9,65.3
O000326,S6,168.03
O000327,S3,199.31
O000328,S4,164.62
O000329,S3,130.13
O000330,S5,40.0
O000331,S10,114.07
O000332,S1,39.64
O000333,S9,140.83
O000334,S5,157.92
O000335,S1,146.89
O000336,S9,107.63
O000337,S2,152.39
O000338,S1,33.52
O000339,S10,69.39
O000340,S7,244.86
O000341,S4,46.84
O000342,S7,10.86
O000343,S5,159.07
O000344,S3,161.14
O000345,S1,64.25
O000346,S3,143.92
O000347,S2,245.84
O000348,S2,214.52
O000349,S5,72.63
O000350,S6,179.33
O000351,S1,147.91
O000352,S4,94.69
O000353,S9,179.86
O000354,S2,47.08
O000355,S9,62.46
O000356,S3,87.27
O000357,S8,203.12
O000358,S3,80.11
O000359,S7,42.94
O000360,S10,194.48
O000361,S6,42.24
O000362,S7,63.88
O000363,S9,227.61
O000364,S5,144.32
O000365,S8,18.39
O000366,S5,161.26
O000367,S5,115.4
O000368,S6,99.54
O000369,S10,91.52
O000370,S10,199.04
O000371,S3,60.63
O000372,S4,247.23
O000373,S1,183.72
O000374,S1,31.41
O000375,S9,208.33
O000376,S2,186.56
O000377,S6,101.62
O000378,S1,103.19
O000379,S9,249.91
O000380,S3,145.49
O000381,S10,95.59
O000382,S7,224.32
O000383,S2,164.61
O000384,S3,132.8
O000385,S5,194.78
O000386,S9,43.42
O000387,S2,22.1
O000388,S10,135.4
O000389,S5,214.0
O000390,S2,74.3
O000391,S6,51.73
O000392,S9,71.0
O000393,S4,29.64
O000394,S7,76.95
O000395,S2,222.83
O000396,S10,232.1
O000397,S7,134.83
O000398,S2,59.76
O000399,S2,114.52
O000400,S8,233.7
O000401,S6,220.47
O000402,S4,188.1
O000403,S9,84.94
O000404,S2,169.95
O000405,S8,95.68
O000406,S3,114.23
O000407,S10,133.12
O000408,S10,225.65
O000409,S6,98.97
O000410,S5,153.14
O000411,S6,195.8
O000412,S5,54.55
O000413,S3,120.31
O000414,S9,42.1
O000415,S1,175.49
O000416,S9,8.03
O000417,S6,155.58
O000418,S9,237.72
O000419,S9,34.82
O000420,S1,19.84
O000421,S1,154.14
O000422,S10,90.41
O000423,S4,57.73
O000424,S7,89.56
O000425,S3,193.99
O000426,S10,141.97
O000427,S2,246.54
O000428,S9,153.05
O000429,S4,132.58
O000430,S9,63.78
O000431,S6,120.12
O000432,S9,47.87
O000433,S4,145.98
O000434,S7,57.44
O000435,S4,206.52
O000436,S2,61.91
O000437,S8,22.55
O000438,S7,240.68
O000439,S8,99.44
O000440,S1,134.62
O000441,S10,75.01
O000442,S4,237.56
O000443,S6,180.87
O000444,S3,10.48
O000445,S1,21.24
O000446,S3,129.43
O000447,S1,183.93
O000448,S9,137.33
O000449,S7,171.59
O000450,S9,99.4
O000451,S10,116.43
O000452,S10,67.5
O000453,S5,137.67
O000454,S7,110.97
O000455,S8,37.9
O000456,S8,147.34
O000457,S6,178.98
O000458,S2,29.27
O000459,S7,26.75
O000460,S4,12.83
O000461,S1,176.81
O000462,S8,201.28
O000463,S1,32.52
O000464,S5,237.93
O000465,S9,214.78
O000466,S5,85.33
O000467,S10,179.33
O000468,S8,104.26
O000469,S6,8.06
O000470,S3,89.74
O000471,S2,85.14
O000472,S9,72.56
O000473,S9,128.81
O000474,S8,115.93
O000475,S7,113.51
O000476,S1,141.78
O000477,S8,141.71
O000478,S5,20.97
O000479,S8,213.95
O000480,S10,140.29
O000481,S2,27.62
O000482,S3,29.56
O000483,S3,208.09
O000484,S1,190.56
O000485,S10,115.28
O000486,S2,205.98
O000487,S5,44.06
O000488,S6,249.21
O000489,S5,97.65
O000490,S2,175.43
O000491,S4,139.97
O000492,S1,195.89
O000493,S10,97.53
O000494,S2,68.69
O000495,S9,45.32
O000496,S9,121.76
O000497,S10,115.98
O000498,S10,93.6
O000499,S8,180.66
O000500,S2,236.27
O000501,S10,53.07
O000502,S6,33.51
O000503,S10,171.77
O000504,S7,238.76
O000505,S2,193.01
O000506,S1,41.95
O000507,S2,48.26
O000508,S9,128.14
O000509,S8,9.36
O000510,S8,83.23
O000511,S5,92.76
O000512,S7,187.24
O000513,S8,130.59
O000514,S5,164.32
O000515,S5,90.16
O000516,S8,105.58
O000517,S3,30.68
O000518,S9,207.88
O000519,S5,74.53
O000520,S3,70.07
O000521,S4,229.55
O000522,S3,143.45
O000523,S4,225.08
O000524,S10,49.29
O000525,S6,199.05
O000526,S5,19.13
O000527,S1,208.33
O000528,S5,46.63
O000529,S7,138.13
O000530,S10,180.87
O000531,S4,123.18
O000532,S8,204.61
O000533,S2,162.85
O000534,S8,151.56
O000535,S7,236.42
O000536,S9,137.76
O000537,S7,244.4
O000538,S9,245.43
O000539,S9,163.15
O000540,S7,101.04
O000541,S4,202.64
O000542,S10,183.29
O000543,S9,220.14
O000544,S8,160.03
O000545,S10,230.94
O000546,S9,141.87
O000547,S1,228.66
O000548,S9,120.46
O000549,S4,76.77
O000550,S1,201.34
O000551,S6,16.53
O000552,S10,66.13
O000553,S1,202.6
O000554,S8,233.1
O000555,S6,115.72
O000556,S1,178.46
O000557,S8,117.88
O000558,S8,96.28
O000559,S8,201.47
O000560,S8,44.12
O000561,S7,147.91
O000562,S5,198.26
O000563,S5,89.33
O000564,S4,223.7
O000565,S7,78.59
O000566,S6,101.06
O000567,S8,41.6
O000568,S2,85.4
O000569,S3,217.05
O000570,S4,125.28
O000571,S8,121.82
O000572,S7,149.26
O000573,S6,104.33
O000574,S8,153.19
O000575,S9,174.65
O000576,S6,54.42
O000577,S2,121.88
O000578,S9,61.61
O000579,S7,9.45
O000580,S9,173.76
O000581,S8,240.92
O000582,S10,210.06
O000583,S5,121.38
O000584,S6,57.82
O000585,S3,236.82
O000586,S3,141.93
O000587,S4,220.33
O000588,S1,86.8
O000589,S4,167.59
O000590,S6,196.87
O000591,S9,183.63
O000592,S6,88.51
O000593,S9,239.3
O000594,S1,182.47
O000595,S8,60.13
O000596,S2,52.86
O000597,S5,188.85
O000598,S10,56.42
O000599,S6,70.06
O000600,S8,131.52
O000601,S7,61.42
O000602,S10,48.85
O000603,S10,93.38
O000604,S4,81.97
O000605,S8,84.25
O000606,S5,195.12
O000607,S10,23.6
O000608,S6,114.72
O000609,S6,189.07
O000610,S5,139.01
O000611,S4,11.71
O000612,S1,12.4
O000613,S7,200.06
O000614,S5,170.43
O000615,S8,155.4
O000616,S7,86.85
O000617,S10,89.64
O000618,S4,105.34
O000619,S6,92.43
O000620,S10,187.3
O000621,S1,61.82
O000622,S10,109.72
O000623,S6,176.21
O000624,S1,138.94
O000625,S5,73.82
O000626,S5,32.64
O000627,S6,161.59
O000628,S7,246.24
O000629,S5,178.45
O000630,S5,245.12
O000631,S6,176.8
O000632,S10,192.35
O000633,S2,226.31
O000634,S4,229.49
O000635,S7,183.79
O000636,S9,219.8
O000637,S1,140.14
O000638,S4,21.54
O000639,S1,30.74
O000640,S9,124.82
O000641,S1,19.56
O000642,S2,8.14
O000643,S6,108.63
O000644,S9,63.37
O000645,S7,15.99
O000646,S9,213.36
O000647,S10,127.37
O000648,S6,241.51
O000649,S3,229.07
O000650,S4,118.36
O000651,S8,67.8
O000652,S4,89.24
O000653,S5,239.57
O000654,S2,191.66
O000655,S5,121.19
O000656,S3,192.23
O000657,S8,194.67
O000658,S6,125.79
O000659,S2,40.64
O000660,S6,230.68
O000661,S2,131.36
O000662,S5,181.38
O000663,S7,47.66
O000664,S9,127.15
O000665,S8,81.82
O000666,S3,46.59
O000667,S3,247.75
O000668,S8,38.1
O000669,S9,202.06
O000670,S9,97.67
O000671,S4,241.4
O000672,S4,173.86
O000673,S10,46.28
O000674,S1,71.91
O000675,S7,93.47
O000676,S9,207.34
O000677,S6,94.14
O000678,S8,225.24
O000679,S2,57.51
O000680,S5,189.34
O000681,S8,16.32
O000682,S10,168.97
O000683,S5,131.77
O000684,S3,243.17
O000685,S7,52.47
O000686,S8,80.09
O000687,S2,192.17
O000688,S7,13.96
O000689,S3,47.79
O000690,S4,218.88
O000691,S3,188.87
O000692,S8,131.83
O000693,S2,164.92
O000694,S2,84.43
O000695,S2,65.38
O000696,S4,19.31
O000697,S10,249.62
O000698,S5,103.19
O000699,S10,175.18
O000700,S10,184.11
O000701,S7,197.69
O000702,S8,78.36
O000703,S1,200.72
O000704,S1,97.09
O000705,S10,126.22
O000706,S7,173.74
O000707,S2,246.12
O000708,S2,99.11
O000709,S10,80.14
O000710,S4,183.33
O000711,S5,11.21
O000712,S10,115.72
O000713,S8,246.84
O000714,S3,141.34
O000715,S8,46.64
O000716,S2,89.2
O000717,S1,60.89
O000718,S10,179.12
O000719,S5,218.52
O000720,S3,80.98
O000721,S6,238.69
O000722,S6,109.0
O000723,S2,45.99
O000724,S3,182.91
O000725,S10,54.6
O000726,S10,219.34
O000727,S9,196.01
O000728,S8,170.6
O000729,S7,187.7
O000730,S8,116.01
O000731,S9,223.12
O000732,S2,193.54
O000733,S5,124.15
O000734,S4,78.65
O000735,S7,57.56
O000736,S9,166.67
O000737,S5,214.57
O000738,S3,90.3
O000739,S2,100.67
O000740,S2,55.94
O000741,S9,37.09
O000742,S9,76.61
O000743,S5,181.38
O000744,S3,110.44
O000745,S8,106.01
O000746,S6,199.62
O000747,S10,144.88
O000748,S2,195.54
O000749,S7,235.98
O000750,S2,177.37
O000751,S7,129.55
O000752,S5,16.61
O000753,S5,24.0
O000754,S7,196.82
O000755,S5,23.58
O000756,S8,144.57
O000757,S4,44.81
O000758,S10,211.84
O000759,S1,179.23
O000760,S6,72.07
O000761,S4,194.44
O000762,S7,139.0
O000763,S4,86.96
O000764,S4,137.74
O000765,S1,241.75
O000766,S9,50.48
O000767,S5,213.68
O000768,S4,13.65
O000769,S6,36.13
O000770,S1,38.23
O000771,S7,126.38
O000772,S3,239.73
O000773,S3,39.47
O000774,S2,62.39
O000775,S2,138.32
O000776,S7,59.46
O000777,S9,139.77
O000778,S2,71.27
O000779,S5,6.31
O000780,S5,75.7
O000781,S1,25.47
O000782,S4,205.51
O000783,S10,67.57
O000784,S8,70.61
O000785,S3,8.67
O000786,S3,130.81
O000787,S5,12.15
O000788,S3,147.82
O000789,S10,197.68
O000790,S3,175.55
O000791,S8,208.15
O000792,S2,139.74
O000793,S1,58.71
O000794,S7,212.73
O000795,S8,137.46
O000796,S6,248.62
O000797,S1,215.62
O000798,S7,84.53
O000799,S9,230.65
O000800,S2,210.17
O000801,S7,195.06
O000802,S9,237.28
O000803,S9,220.98
O000804,S6,172.45
O000805,S9,183.31
O000806,S10,99.52
O000807,S6,209.31
O000808,S10,178.23
O000809,S6,101.14
O000810,S1,106.03
O000811,S3,163.71
O000812,S7,98.23
O000813,S1,186.29
O000814,S3,62.04
O000815,S3,36.1
O000816,S7,24.22
O000817,S1,134.64
O000818,S2,96.35
O000819,S1,181.5
O000820,S6,42.07
O000821,S5,212.99
O000822,S8,94.58
O000823,S9,216.01
O000824,S6,233.83
O000825,S2,162.73
O000826,S4,219.97
O000827,S6,153.11
O000828,S8,192.0
O000829,S6,239.01
O000830,S10,9.84
O000831,S2,183.06
O000832,S3,162.36
O000833,S1,178.52
O000834,S2,41.52
O000835,S8,15.01
O000836,S4,78.31
O000837,S8,118.63
O000838,S5,95.38
O000839,S8,88.33
O000840,S4,69.04
O000841,S4,142.53
O000842,S10,58.4
O000843,S6,222.03
O000844,S3,214.63
O000845,S2,219.77
O000846,S1,117.88
O000847,S9,72.27
O000848,S1,162.92
O000849,S2,240.03
O000850,S5,116.06
O000851,S7,191.71
O000852,S3,50.78
O000853,S10,31.23
O000854,S5,115.75
O000855,S2,157.76
O000856,S7,184.12
O000857,S1,94.8
O000858,S4,52.88
O000859,S10,214.05
O000860,S2,181.27
O000861,S4,110.72
O000862,S10,170.67
O000863,S3,110.52
O000864,S2,236.05
O000865,S9,152.16
O000866,S4,188.63
O000867,S2,247.98
O000868,S1,216.38
O000869,S7,169.28
O000870,S7,143.09
O000871,S9,178.39
O000872,S3,66.75
O000873,S5,105.29
O000874,S8,175.26
O000875,S4,84.73
O000876,S5,108.69
O000877,S8,188.13
O000878,S9,163.94
O000879,S8,170.29
O000880,S4,32.54
O000881,S6,136.59
O000882,S8,21.68
O000883,S1,25.9
O000884,S1,181.59
O000885,S4,157.35
O000886,S4,101.76
O000887,S7,122.94
O000888,S4,191.5
O000889,S3,23.08
O000890,S5,131.95
O000891,S2,117.3
O000892,S3,58.53
O000893,S4,162.57
O000894,S3,204.43
O000895,S6,120.53
O000896,S10,189.1
O000897,S1,211.75
O000898,S1,225.08
O000899,S2,237.89
O000900,S5,161.65
O000901,S9,179.21
O000902,S10,138.24
O000903,S2,27.52
O000904,S5,209.06
O000905,S1,246.2
O000906,S5,246.85
O000907,S6,249.17
O000908,S6,246.25
O000909,S8,99.1
O000910,S2,16.7
O000911,S6,41.53
O000912,S3,14.95
O000913,S1,71.6
O000914,S8,76.29
O000915,S7,53.91
O000916,S6,164.45
O000917,S5,177.87
O000918,S3,181.88
O000919,S6,234.8
O000920,S5,183.69
O000921,S3,74.81
O000922,S10,92.0
O000923,S6,106.83
O000924,S3,165.31
O000925,S2,65.39
O000926,S8,227.49
O000927,S4,53.56
O000928,S10,165.16
O000929,S10,160.98
O000930,S6,135.33
O000931,S6,189.0
O000932,S2,151.81
O000933,S10,184.01
O000934,S5,226.2
O000935,S4,81.3
O000936,S8,144.29
O000937,S3,92.9
O000938,S7,32.25
O000939,S5,106.85
O000940,S9,176.24
O000941,S9,96.27
O000942,S6,92.95
O000943,S3,147.34
O000944,S1,31.82
O000945,S6,97.55
O000946,S1,41.4
O000947,S8,14.32
O000948,S8,161.96
O000949,S10,122.91
O000950,S6,24.1
O000951,S10,39.85
O000952,S10,79.97
O000953,S1,155.81
O000954,S9,103.15
O000955,S9,9.8
O000956,S7,214.32
O000957,S4,185.8
O000958,S6,66.86
O000959,S4,249.58
O000960,S8,146.24
O000961,S1,26.44
O000962,S2,124.98
O000963,S5,63.56
O000964,S4,209.6
O000965,S8,193.81
O000966,S7,119.23
O000967,S9,60.11
O000968,S6,240.55
O000969,S2,113.51
O000970,S2,60.24
O000971,S1,223.13
O000972,S4,221.57
O000973,S5,57.94
O000974,S2,91.97
O000975,S8,19.35
O000976,S9,14.67
O000977,S4,193.41
O000978,S2,181.01
O000979,S7,183.63
O000980,S7,71.98
O000981,S4,35.99
O000982,S2,195.39
O000983,S5,52.78
O000984,S2,223.35
O000985,S2,154.41
O000986,S1,123.36
O000987,S5,15.06
O000988,S4,114.09
O000989,S4,78.61
O000990,S9,197.97
O000991,S8,192.23
O000992,S10,176.65
O000993,S5,185.62
O000994,S6,220.59
O000995,S9,238.88
O000996,S9,197.63
O000997,S4,56.98
O000998,S7,55.84
O000999,S7,210.84
O001000,S10,113.6
O001001,S5,106.87
O001002,S3,91.68
O001003,S9,120.39
O001004,S3,116.79
O001005,S6,70.05
O001006,S3,202.53
O001007,S5,91.18
O001008,S9,83.98
O001009,S6,174.83
O001010,S10,12.98
O001011,S3,31.75
O001012,S8,191.27
O001013,S8,140.45
O001014,S10,83.46
O001015,S2,177.64
O001016,S1,68.55
O001017,S10,176.08
O001018,S2,244.28
O001019,S9,108.02
O001020,S2,164.58
O001021,S7,83.12
O001022,S4,53.41
O001023,S3,175.7
O001024,S4,110.22
O001025,S5,170.09
O001026,S5,215.68
O001027,S7,89.61
O001028,S2,49.68
O001029,S10,10.86
O001030,S6,48.33
O001031,S8,13.85
O001032,S7,36.19
O001033,S2,141.61
O001034,S9,93.89
O001035,S4,25.64
O001036,S2,66.94
O001037,S9,6.33
O001038,S10,176.22
O001039,S5,211.34
O001040,S3,111.13
O001041,S2,189.11
O001042,S5,242.74
O001043,S6,57.75
O001044,S10,48.99
O001045,S4,59.4
O001046,S2,93.45
O001047,S7,29.3
O001048,S5,17.71
O001049,S4,238.36
O001050,S4,147.25
O001051,S2,33.33
O001052,S1,201.23
O001053,S10,34.16
O001054,S1,155.87
O001055,S9,228.6
O001056,S3,16.33
O001057,S10,15.81
O001058,S6,40.85
O001059,S7,131.76
O001060,S1,209.62
O001061,S4,109.65
O001062,S2,85.42
O001063,S5,83.28
O001064,S10,15.61
O001065,S8,6.33
O001066,S5,143.81
O001067,S2,128.23
O001068,S3,57.71
O001069,S9,51.54
O001070,S10,88.89
O001071,S10,208.63
O001072,S8,52.87
O001073,S5,141.33
O001074,S4,97.65
O001075,S1,166.42
O001076,S9,50.71
O001077,S1,95.21
O001078,S1,21.62
O001079,S8,189.3
O001080,S4,79.08
O001081,S10,67.7
O001082,S10,191.09
O001083,S3,204.24
O001084,S6,199.87
O001085,S10,134.26
O001086,S1,216.65
O001087,S9,44.77
O001088,S1,65.15
O001089,S10,47.85
O001090,S10,112.59
O001091,S4,117.33
O001092,S4,72.43
O001093,S7,114.9
O001094,S9,38.74
O001095,S3,71.33
O001096,S3,102.91
O001097,S10,62.33
O001098,S6,100.29
O001099,S1,7.36
O001100,S3,111.93
O001101,S7,192.37
O001102,S9,22.62
O001103,S9,216.91
O001104,S8,19.79
O001105,S10,110.23
O001106,S10,92.51
O001107,S6,23.77
O001108,S5,93.31
O001109,S5,28.89
O001110,S8,135.81
O001111,S1,183.78
O001112,S1,81.55
O001113,S10,13.85
O001114,S7,125.34
O001115,S3,104.99
O001116,S8,100.99
O001117,S6,100.07
O001118,S8,203.0
O001119,S10,171.47
O001120,S3,8.29
O001121,S10,53.76
O001122,S1,188.18
O001123,S10,32.14
O001124,S7,145.31
O001125,S9,11.71
O001126,S8,222.76
O001127,S9,201.41
O001128,S6,198.83
O001129,S8,106.28
O001130,S2,232.06
O001131,S2,145.12
O001132,S5,105.87
O001133,S7,244.52
O001134,S3,11.16
O001135,S3,222.59
O001136,S9,114.54
O001137,S9,175.58
O001138,S7,155.26
O001139,S1,17.57
O001140,S7,140.65
O001141,S6,56.84
O001142,S8,45.33
O001143,S2,141.57
O001144,S10,179.62
O001145,S6,57.79
O001146,S10,200.44
O001147,S1,138.82
O001148,S1,220.52
O001149,S3,203.57
O001150,S1,173.36
O001151,S7,240.85
O001152,S10,149.67
O001153,S5,37.61
O001154,S4,173.92
O001155,S9,237.99
O001156,S8,140.54
O001157,S1,19.02
O001158,S4,188.01
O001159,S4,135.35
O001160,S8,170.2
O001161,S5,140.69
O001162,S8,209.07
O001163,S2,102.19
O001164,S3,117.97
O001165,S4,41.46
O001166,S8,206.39
O001167,S3,248.07
O001168,S1,238.46
O001169,S10,222.63
O001170,S1,5.19
O001171,S1,225.21
O001172,S6,62.31
O001173,S8,175.74
O001174,S10,88.06
O001175,S1,228.44
O001176,S10,241.69
O001177,S3,101.96
O001178,S1,206.79
O001179,S6,156.05
O001180,S4,110.34
O001181,S9,26.68
O001182,S2,63.03
O001183,S8,87.47
O001184,S9,32.86
O001185,S5,170.55
O001186,S4,94.1
O001187,S10,215.93
O001188,S4,224.04
O001189,S2,180.99
O001190,S5,94.6
O001191,S8,201.06
O001192,S4,202.36
O001193,S6,180.82
O001194,S6,109.31
O001195,S6,103.65
O001196,S1,53.12
O001197,S3,155.48
O001198,S1,205.48
O001199,S4,214.25
O001200,S3,98.58
O001201,S6,103.73
O001202,S2,76.64
O001203,S6,14.7
O001204,S10,192.96
O001205,S4,247.35
O001206,S2,129.51
O001207,S10,70.24
O001208,S9,160.57
O001209,S3,95.39
O001210,S4,146.02
O001211,S1,134.09
O001212,S10,145.13
O001213,S7,233.24
O001214,S2,124.17
O001215,S9,195.91
O001216,S6,106.68
O001217,S3,44.41
O001218,S8,83.62
O001219,S1,79.12
O001220,S1,94.02
O001221,S5,17.16
O001222,S6,184.29
O001223,S2,12.45
O001224,S5,20.33
O001225,S6,16.59
O001226,S9,43.28
O001227,S1,47.51
O001228,S4,132.55
O001229,S1,76.46
O001230,S5,110.7
O001231,S8,129.82
O001232,S1,143.73
O001233,S3,209.59
O001234,S7,160.96
O001235,S8,206.96
O001236,S10,114.4
O001237,S2,124.55
O001238,S8,109.99
O001239,S9,138.69
O001240,S8,125.84
O001241,S9,44.85
O001242,S8,211.51
O001243,S8,243.07
O001244,S3,133.42
O001245,S3,226.67
O001246,S10,248.69
O001247,S6,99.87
O001248,S1,53.72
O001249,S2,14.5
O001250,S5,133.1
O001251,S10,226.13
O001252,S9,56.33
O001253,S8,162.61
O001254,S8,158.33
O001255,S2,220.34
O001256,S3,151.09
O001257,S3,17.4
O001258,S3,57.01
O001259,S8,227.45
O001260,S6,154.57
O001261,S7,188.0
O001262,S4,6.07
O001263,S5,165.6
O001264,S2,94.78
O001265,S9,229.01
O001266,S3,145.59
O001267,S5,127.94
O001268,S8,53.85
O001269,S1,80.73
O001270,S5,61.28
O001271,S9,39.21
O001272,S6,98.55
O001273,S5,194.35
O001274,S2,191.41
O001275,S7,97.53
O001276,S1,229.09
O001277,S10,36.38
O001278,S10,231.25
O001279,S5,110.85
O001280,S9,113.75
O001281,S9,153.18
O001282,S5,243.48
O001283,S1,57.91
O001284,S7,167.15
O001285,S9,222.92
O001286,S7,192.97
O001287,S5,72.59
O001288,S5,177.03
O001289,S6,171.38
O001290,S2,242.71
O001291,S7,161.22
O001292,S1,201.07
O001293,S9,203.14
O001294,S8,31.96
O001295,S2,150.89
O001296,S9,204.95
O001297,S10,232.79
O001298,S1,32.79
O001299,S7,167.5
O001300,S9,147.8
O001301,S9,68.78
O001302,S1,234.86
O001303,S8,38.65
O001304,S9,215.8
O001305,S8,107.34
O001306,S6,43.22
O001307,S9,33.05
O001308,S5,66.12
O001309,S10,152.52
O001310,S10,74.59
O001311,S3,58.28
O001312,S8,97.28
O001313,S9,43.96
O001314,S6,87.38
O001315,S1,7.07
O001316,S9,126.33
O001317,S10,173.94
O001318,S5,67.77
O001319,S10,25.82
O001320,S3,53.13
O001321,S5,143.21
O001322,S9,169.25
O001323,S6,174.8
O001324,S9,44.17
O001325,S5,24.62
O001326,S7,94.77
O001327,S8,242.3
O001328,S3,238.27
O001329,S8,115.87
O001330,S10,93.39
O001331,S9,231.71
O001332,S9,117.96
O001333,S3,168.07
O001334,S2,179.34
O001335,S6,241.59
O001336,S7,201.93
O001337,S8,24.57
O001338,S6,210.17
O001339,S8,84.71
O001340,S1,247.09
O001341,S7,187.6
O001342,S7,48.42
O001343,S8,65.25
O001344,S1,137.79
O001345,S1,146.28
O001346,S7,99.28
O001347,S7,178.82
O001348,S7,231.25
O001349,S5,153.02
O001350,S9,26.14
O001351,S6,53.4
O001352,S3,110.58
O001353,S10,25.48
O001354,S6,51.67
O001355,S9,229.1
O001356,S8,65.54
O001357,S3,248.76
O001358,S1,238.31
O001359,S2,99.76
O001360,S2,189.43
O001361,S2,42.08
O001362,S7,124.51
O001363,S4,165.49
O001364,S9,64.62
O001365,S3,53.62
O001366,S5,199.45
O001367,S5,9.11
O001368,S10,222.21
O001369,S1,180.59
O001370,S10,149.18
O001371,S2,127.96
O001372,S4,9.83
O001373,S4,71.51
O001374,S4,60.19
O001375,S2,125.81
O001376,S7,105.17
O001377,S10,234.18
O001378,S7,14.81
O001379,S8,135.12
O001380,S10,120.82
O001381,S2,118.81
O001382,S3,28.38
O001383,S1,122.88
O001384,S10,107.12
O001385,S10,138.0
O001386,S5,177.54
O001387,S5,227.89
O001388,S3,133.39
O001389,S3,90.52
O001390,S4,196.41
O001391,S7,9.01
O001392,S3,102.27
O001393,S9,47.0
O001394,S3,113.33
O001395,S3,96.37
O001396,S8,164.89
O001397,S9,163.2
O001398,S4,31.24
O001399,S6,184.36
O001400,S9,130.96
O001401,S8,122.73
O001402,S7,56.08
O001403,S5,35.16
O001404,S5,92.36
O001405,S8,85.59
O001406,S5,190.18
O001407,S1,127.85
O001408,S6,97.79
O001409,S2,25.0
O001410,S7,239.27
O001411,S8,158.01
O001412,S4,112.9
O001413,S10,36.67
O001414,S1,137.12
O001415,S2,222.67
O001416,S6,243.49
O001417,S10,10.74
O001418,S4,199.07
O001419,S10,119.75
O001420,S8,141.07
O001421,S4,243.2
O001422,S9,247.93
O001423,S6,36.05
O001424,S4,83.13
O001425,S9,69.09
O001426,S4,97.22
O001427,S1,115.74
O001428,S10,224.14
O001429,S5,148.68
O001430,S8,83.5
O001431,S5,118.2
O001432,S8,114.12
O001433,S4,106.52
O001434,S3,125.95
O001435,S9,158.97
O001436,S10,6.0
O001437,S8,71.73
O001438,S6,78.86
O001439,S9,149.12
O001440,S5,12.03
O001441,S8,55.79
O001442,S3,186.62
O001443,S9,83.65
O001444,S7,222.83
O001445,S9,137.25
O001446,S8,187.26
O001447,S6,143.77
O001448,S5,24.61
O001449,S8,165.77
O001450,S8,99.27
O001451,S5,133.58
O001452,S7,59.78
O001453,S6,22.87
O001454,S3,62.67
O001455,S2,70.91
O001456,S7,75.09
O001457,S9,16.27
O001458,S2,56.81
O001459,S6,46.56
O001460,S6,169.06
O001461,S1,26.84
O001462,S6,38.48
O001463,S8,216.06
O001464,S8,249.95
O001465,S7,233.91
O001466,S8,227.65
O001467,S3,59.75
O001468,S6,156.51
O001469,S5,94.2
O001470,S1,132.77
O001471,S4,64.01
O001472,S2,79.29
O001473,S6,11.6
O001474,S7,60.15
O001475,S6,89.43
O001476,S9,51.11
O001477,S6,77.5
O001478,S1,95.72
O001479,S1,196.79
O001480,S8,141.84
O001481,S6,46.37
O001482,S6,215.35
O001483,S8,151.3
O001484,S7,129.63
O001485,S9,38.82
O001486,S1,57.55
O001487,S7,214.11
O001488,S5,198.28
O001489,S5,153.17
O001490,S10,235.15
O001491,S3,237.11
O001492,S2,215.19
O001493,S3,55.64
O001494,S3,82.03
O001495,S1,145.94
O001496,S4,230.31
O001497,S3,53.74
O001498,S5,55.14
O001499,S2,169.85
O001500,S1,92.39
O001501,S3,44.18
O001502,S1,125.92
O001503,S4,95.72
O001504,S6,239.29
O001505,S6,229.06
O001506,S1,61.52
O001507,S7,26.55
O001508,S3,201.56
O001509,S1,7.05
O001510,S3,206.42
O001511,S9,24.89
O001512,S3,245.86
O001513,S4,94.62
O001514,S10,173.8
O001515,S9,157.77
O001516,S3,6.28
O001517,S6,55.62
O001518,S7,77.75
O001519,S7,77.72
O001520,S2,132.13
O001521,S7,169.02
O001522,S10,64.48
O001523,S8,27.2
O001524,S8,7.41
O001525,S10,146.06
O001526,S3,179.66
O001527,S9,23.1
O001528,S6,190.5
O001529,S1,97.69
O001530,S6,54.21
O001531,S6,233.97
O001532,S1,73.57
O001533,S10,59.49
O001534,S9,222.58
O001535,S4,221.68
O001536,S3,56.06
O001537,S10,237.29
O001538,S7,205.87
O001539,S2,221.21
O001540,S1,153.53
O001541,S1,142.02
O001542,S5,187.05
O001543,S9,167.02
O001544,S4,139.26
O001545,S4,22.83
O001546,S8,70.89
O001547,S9,15.07
O001548,S3,91.18
O001549,S10,190.5
O001550,S2,171.11
O001551,S8,174.85
O001552,S3,159.65
O001553,S4,242.84
O001554,S1,206.77
O001555,S10,73.13
O001556,S10,192.85
O001557,S4,144.19
O001558,S4,63.08
O001559,S3,193.9
O001560,S9,134.3
O001561,S9,181.65
O001562,S6,181.73
O001563,S7,172.59
O001564,S10,44.19
O001565,S3,127.16
O001566,S5,246.46
O001567,S8,130.27
O001568,S2,101.51
O001569,S8,91.68
O001570,S3,125.83
O001571,S6,128.4
O001572,S5,31.72
O001573,S2,68.87
O001574,S2,119.97
O001575,S2,61.57
O001576,S7,134.05
O001577,S4,230.14
O001578,S1,104.87
O001579,S3,53.71
O001580,S5,194.34
O001581,S8,138.97
O001582,S6,67.83
O001583,S7,29.37
O001584,S10,100.96
O001585,S5,135.36
O001586,S5,133.11
O001587,S4,139.62
O001588,S9,130.25
O001589,S7,221.65
O001590,S6,128.78
O001591,S10,49.45
O001592,S7,193.97
O001593,S5,174.8
O001594,S9,163.3
O001595,S10,101.11
O001596,S6,182.17
O001597,S8,78.52
O001598,S10,71.21
O001599,S2,106.32
O001600,S9,128.08
O001601,S5,205.26
O001602,S4,63.91
O001603,S6,27.94
O001604,S8,86.25
O001605,S2,120.35
O001606,S2,60.21
O001607,S7,171.42
O001608,S3,132.78
O001609,S4,12.92
O001610,S9,145.65
O001611,S8,74.71
O001612,S3,175.03
O001613,S9,30.53
O001614,S10,87.1
O001615,S3,175.09
O001616,S2,218.52
O001617,S7,60.45
O001618,S5,210.19
O001619,S9,224.23
O001620,S2,110.83
O001621,S10,28.72
O001622,S8,89.98
O001623,S4,150.25
O001624,S7,137.61
O001625,S10,143.55
O001626,S4,19.35
O001627,S8,188.64
O001628,S2,40.89
O001629,S7,162.68
O001630,S10,9.44
O001631,S3,185.19
O001632,S7,240.62
O001633,S3,34.04
O001634,S7,48.85
O001635,S3,76.0
O001636,S8,206.96
O001637,S6,141.54
O001638,S1,40.53
O001639,S5,10.0
O001640,S2,234.05
O001641,S3,65.24
O001642,S9,136.52
O001643,S8,135.03
O001644,S4,179.08
O001645,S8,212.32
O001646,S8,81.02
O001647,S9,18.54
O001648,S9,219.07
O001649,S9,37.19
O001650,S10,113.32
O001651,S9,115.4
O001652,S10,134.32
O001653,S10,145.74
O001654,S9,216.8
O001655,S8,172.6
O001656,S3,71.92
O001657,S2,59.16
O001658,S8,35.54
O001659,S2,108.33
O001660,S8,241.91
O001661,S5,242.26
O001662,S5,170.25
O001663,S6,82.58
O001664,S9,173.92
O001665,S2,24.82
O001666,S5,160.18
O001667,S8,221.06
O001668,S2,220.66
O001669,S8,217.09
O001670,S6,31.29
O001671,S9,115.13
O001672,S2,48.63
O001673,S5,233.47
O001674,S10,235.45
O001675,S4,230.6
O001676,S1,158.34
O001677,S5,212.39
O001678,S4,94.21
O001679,S4,136.17
O001680,S4,21.9
O001681,S9,209.48
O001682,S2,63.73
O001683,S5,24.75
O001684,S5,44.46
O001685,S10,125.49
O001686,S5,224.6
O001687,S2,91.7
O001688,S1,19.75
O001689,S1,136.92
O001690,S1,132.22
O001691,S2,211.06
O001692,S6,156.15
O001693,S1,49.59
O001694,S3,48.75
O001695,S9,11.28
O001696,S9,152.93
O001697,S5,243.41
O001698,S1,230.13
O001699,S8,144.62
O001700,S10,178.69
O001701,S3,194.65
O001702,S2,182.17
O001703,S3,126.43
O001704,S1,61.16
O001705,S2,13.93
O001706,S6,33.59
O001707,S3,245.12
O001708,S10,232.47
O001709,S9,77.38
O001710,S7,149.42
O001711,S4,175.83
O001712,S2,124.65
O001713,S10,190.57
O001714,S6,119.78
O001715,S5,175.31
O001716,S6,123.82
O001717,S4,208.84
O001718,S1,33.37
O001719,S6,35.9
O001720,S6,193.79
O001721,S3,208.69
O001722,S9,59.69
O001723,S2,211.97
O001724,S8,193.43
O001725,S4,55.65
O001726,S4,133.69
O001727,S1,241.59
O001728,S3,118.13
O001729,S8,212.48
O001730,S5,189.14
O001731,S10,185.7
O001732,S6,219.56
O001733,S6,218.31
O001734,S1,119.24
O001735,S6,98.53
O001736,S2,196.11
O001737,S6,234.23
O001738,S2,210.53
O001739,S5,145.01
O001740,S7,71.5
O001741,S10,217.79
O001742,S7,235.87
O001743,S5,121.46
O001744,S9,35.86
O001745,S2,89.65
O001746,S3,120.99
O001747,S5,138.38
O001748,S4,41.71
O001749,S1,194.16
O001750,S10,75.88
O001751,S8,137.14
O001752,S4,207.9
O001753,S7,19.33
O001754,S7,242.94
O001755,S3,30.63
O001756,S2,197.51
O001757,S9,59.56
O001758,S8,47.78
O001759,S10,6.18
O001760,S2,197.05
O001761,S7,211.29
O001762,S9,163.99
O001763,S5,119.42
O001764,S4,51.18
O001765,S9,95.2
O001766,S7,213.49
O001767,S5,242.5
O001768,S8,158.3
O001769,S4,100.22
O001770,S3,19.37
O001771,S7,100.56
O001772,S3,11.83
O001773,S4,143.0
O001774,S1,159.38
O001775,S1,148.03
O001776,S5,225.95
O001777,S2,50.11
O001778,S5,87.37
O001779,S5,163.82
O001780,S6,50.12
O001781,S1,52.59
O001782,S2,36.48
O001783,S7,42.93
O001784,S3,20.83
O001785,S10,213.23
O001786,S4,17.42
O001787,S1,51.24
O001788,S7,102.8
O001789,S5,45.67
O001790,S3,162.58
O001791,S4,119.14
O001792,S8,248.11
O001793,S4,165.79
O001794,S6,200.69
O001795,S8,124.31
O001796,S8,244.24
O001797,S6,137.29
O001798,S8,14.59
O001799,S3,232.08
O001800,S3,120.92
O001801,S1,35.32
O001802,S8,192.85
O001803,S9,165.06
O001804,S5,53.02
O001805,S4,166.29
O001806,S9,130.81
O001807,S6,36.06
O001808,S6,113.83
O001809,S5,236.41
O001810,S9,93.56
O001811,S2,79.9
O001812,S6,203.69
O001813,S6,92.41
O001814,S1,110.85
O001815,S1,243.45
O001816,S5,191.31
O001817,S6,86.86
O001818,S1,84.63
O001819,S10,96.58
O001820,S8,153.2
O001821,S5,11.27
O001822,S9,77.28
O001823,S1,121.16
O001824,S1,118.62
O001825,S8,143.49
O001826,S8,76.47
O001827,S2,80.85
O001828,S5,42.34
O001829,S5,41.84
O001830,S7,143.06
O001831,S5,245.28
O001832,S7,188.91
O001833,S6,13.09
O001834,S3,199.74
O001835,S10,239.87
O001836,S9,72.92
O001837,S5,124.09
O001838,S1,213.93
O001839,S2,229.85
O001840,S10,38.84
O001841,S6,247.18
O001842,S5,93.03
O001843,S10,142.52
O001844,S10,189.03
O001845,S2,183.61
O001846,S2,199.38
O001847,S3,91.03
O001848,S9,84.46
O001849,S2,34.98
O001850,S3,16.66
O001851,S1,113.64
O001852,S9,118.11
O001853,S9,78.98
O001854,S8,181.2
O001855,S9,240.86
O001856,S9,199.53
O001857,S4,30.55
O001858,S7,48.05
O001859,S1,214.55
O001860,S2,152.99
O001861,S8,32.34
O001862,S1,232.49
O001863,S1,173.73
O001864,S7,103.41
O001865,S2,198.05
O001866,S8,72.5
O001867,S5,242.48
O001868,S9,201.0
O001869,S5,162.15
O001870,S7,79.49
O001871,S6,167.18
O001872,S10,216.0
O001873,S3,171.43
O001874,S3,91.55
O001875,S9,176.98
O001876,S4,22.79
O001877,S9,104.55
O001878,S1,33.7
O001879,S8,32.26
O001880,S9,149.69
O001881,S5,179.06
O001882,S3,156.13
O001883,S2,167.16
O001884,S8,214.43
O001885,S4,65.47
O001886,S7,26.99
O001887,S9,33.75
O001888,S8,106.16
O001889,S1,116.75
O001890,S6,102.56
O001891,S4,29.24
O001892,S1,224.73
O001893,S2,27.72
O001894,S9,216.26
O001895,S7,206.55
O001896,S10,173.24
O001897,S5,38.94
O001898,S2,200.37
O001899,S9,110.83
O001900,S10,210.96
O001901,S10,245.01
O001902,S7,187.53
O001903,S10,146.62
O001904,S9,239.62
O001905,S10,112.44
O001906,S9,183.27
O001907,S3,22.26
O001908,S9,123.48
O001909,S8,190.5
O001910,S5,167.36
O001911,S6,182.17
O001912,S7,196.69
O001913,S7,226.14
O001914,S1,60.16
O001915,S10,10.68
O001916,S4,79.74
O001917,S3,38.22
O001918,S5,233.74
O001919,S2,71.5
O001920,S1,101.54
O001921,S5,23.68
O001922,S9,226.61
O001923,S2,57.74
O001924,S8,165.29
O001925,S4,220.76
O001926,S5,186.5
O001927,S2,9.0
O001928,S3,102.93
O001929,S6,77.65
O001930,S1,120.2
O001931,S8,192.67
O001932,S10,101.4
O001933,S4,203.38
O001934,S2,114.12
O001935,S3,8.46
O001936,S1,13.57
O001937,S5,232.87
O001938,S4,22.22
O001939,S6,169.97
O001940,S10,232.49
O001941,S8,7.31
O001942,S1,49.09
O001943,S1,114.85
O001944,S1,202.45
O001945,S2,174.08
O001946,S3,153.59
O001947,S9,42.94
O001948,S5,171.49
O001949,S7,193.6
O001950,S8,72.69
O001951,S4,245.76
O001952,S3,6.77
O001953,S5,186.61
O001954,S4,183.58
O001955,S8,67.09
O001956,S9,173.55
O001957,S8,39.33
O001958,S3,121.05
O001959,S10,167.64
O001960,S3,41.48
O001961,S2,81.22
O001962,S9,42.16
O001963,S7,188.45
O001964,S8,52.15
O001965,S6,182.3
O001966,S10,237.77
O001967,S5,8.34
O001968,S9,221.82
O001969,S10,217.44
O001970,S7,31.08
O001971,S3,179.98
O001972,S1,12.55
O001973,S9,129.18
O001974,S2,56.29
O001975,S10,59.35
O001976,S3,124.24
O001977,S6,128.96
O001978,S8,37.75
O001979,S8,15.67
O001980,S4,149.82
O001981,S4,202.31
O001982,S1,218.77
O001983,S4,81.39
O001984,S10,199.01
O001985,S2,61.12
O001986,S4,15.15
O001987,S10,214.07
O001988,S1,64.33
O001989,S7,164.37
O001990,S8,155.41
O001991,S6,72.89
O001992,S8,176.34
O001993,S4,57.94
O001994,S4,73.83
O001995,S6,10.14
O001996,S2,131.69
O001997,S5,35.99
O001998,S8,47.57
O001999,S5,50.37
O002000,S1,146.79
